Product Name,Price
Men Solid Round Neck Pure Cotton Blue T-Shirt,₹199
Pack of 4 Men Solid Round Neck Polyester Multicolor T-S...,₹469
"Pack of 4 Men Solid Round Neck Polyester Silver, Blue, ...",₹469
Men Striped Polo Neck Cotton Blend Blue T-Shirt,₹289
Pack of 4 Men Solid Round Neck Polyester Multicolor T-S...,₹459
"Men Striped Round Neck Cotton Blend Light Blue, White T...",₹269
Men Striped Polo Neck Pure Cotton Multicolor T-Shirt,₹445
Men Color Block Polo Neck Polyester Brown T-Shirt,₹379
Men Checkered Round Neck Poly Cotton Green T-Shirt,₹289
"Men Striped Round Neck Cotton Blend Blue, Black T-Shirt",₹239
Men Solid Round Neck Pure Cotton Blue T-Shirt,₹373
Men Graphic Print Round Neck Pure Cotton Black T-Shirt,₹373
Men Color Block Round Neck Cotton Blend Black T-Shirt,₹279
Pack of 4 Men Solid Round Neck Polyester Multicolor T-S...,₹459
"Men Printed, Typography Round Neck Cotton Blend White T...",₹269
Men Solid Polo Neck Cotton Blend (220 gsm) Green T-Shir...,₹329
DISNEY GFX SS Men Solid Round Neck Pure Cotton White T-...,"₹1,349"
Men Typography Round Neck Pure Cotton Yellow T-Shirt,₹417
Men Color Block Polo Neck Poly Cotton Navy Blue T-Shirt,₹378
"Pack of 2 Men Striped Round Neck Polyester Pink, Grey T...",₹419
Men Graphic Print Round Neck Pure Cotton Black T-Shirt,₹373
Men Solid Polo Neck Pure Cotton Pink T-Shirt,₹571
Pack of 2 Men Striped Round Neck Cotton Blend Multicolo...,₹319
Men Solid Polo Neck Cotton Blend (220 gsm) Green T-Shir...,₹329
Men Printed Round Neck Poly Cotton Blue T-Shirt,₹289
Men Solid Polo Neck Poly Cotton Dark Blue T-Shirt,₹699
Men Self Design Polo Neck Polyester Blue T-Shirt,₹687
Men Solid Polo Neck Cotton Blend Black T-Shirt,₹319
Pack of 4 Men Solid Round Neck Polyester Multicolor T-S...,₹459
"Pack of 2 Men Printed Round Neck Cotton Blend Brown, Bl...",₹419
Men Solid V Neck Pure Cotton Black T-Shirt,₹199
Men Printed Round Neck Pure Cotton White T-Shirt,₹509
Men Printed Round Neck Cotton Blend Black T-Shirt,₹349
Men Solid Polo Neck Pure Cotton Green T-Shirt,₹449
Men Color Block Polo Neck Poly Cotton Navy Blue T-Shirt,₹338
Men Solid Mandarin Collar Cotton Blend Maroon T-Shirt,₹309
Men Typography Round Neck Pure Cotton Beige T-Shirt,₹417
Feranoid Mens Cotton Solid Henley T-Shirt (Light Green)...,₹419
Pack of 4 Men Solid Round Neck Polyester Multicolor T-S...,₹459
Men Striped Round Neck Cotton Blend Blue T-Shirt,₹281
